<?xml version="1.0" encoding="UTF-8"?>
<beans xmlns="http://www.springframework.org/schema/beans"
	xmlns:xsi="http://www.w3.org/2001/XMLSchema-instance"
	xsi:schemaLocation="http://www.springframework.org/schema/beans http://www.springframework.org/schema/beans/spring-beans.xsd">
<bean id="employee" class="com.cg.Employee">
		<constructor-arg value="101" />
		<constructor-arg value="shreya" />
		<constructor-arg value="15000" />
		
		
	</bean>
	
	<bean id="sbu" class="com.cg.SBU">
		<constructor-arg value="10" />
		<constructor-arg value="PUNE" />
		<constructor-arg value="MR.Deshmukh" />
		<constructor-arg ref="employee" />
		
	</bean>

</beans>
